{
"meta":{"test_sets":[],"test_metrics":[],"learn_metrics":[{"best_value":"Min","name":"Logloss"}],"launch_mode":"Train","parameters":"","iteration_count":100,"learn_sets":["learn"],"name":"experiment"},
"iterations":[
{"learn":[0.6611212836],"iteration":0,"passed_time":0.1400003151,"remaining_time":13.8600312},
{"learn":[0.6319914415],"iteration":1,"passed_time":0.1455708922,"remaining_time":7.132973716,,
{"learn":[0.6054572211],"iteration":2,"passed_time":0.1504240223,"remaining_time":4.863710055,,
{"learn":[0.5782195367],"iteration":3,"passed_time":0.1558254983,"remaining_time":3.73981196,,
{"learn":[0.5544889323],"iteration":4,"passed_time":0.1610335763,"remaining_time":3.05963795,,
{"learn":[0.5332533773],"iteration":5,"passed_time":0.1662949125,"remaining_time":2.605286962,,
{"learn":[0.5128929647],"iteration":6,"passed_time":0.1715545103,"remaining_time":2.27922420,
,
{"learn":[0.4953449164],"iteration":7,"passed_time":0.1771256796,"remaining_time":2.03694531,
,
{"learn":[0.4781697591],"iteration":8,"passed_time":0.1815787456,"remaining_time":1.8359628,
{,
{"learn":[0.4637321642],"iteration":9,"passed_time":0.1850981613,"remaining_time":1.6658834,,
,
{"learn":[0.4516882324],"iteration":10,"passed_time":0.1897135633,"remaining_time":1.5349551,,
,
{"learn":[0.4369892036],"iteration":11,"passed_time":0.194805718,"remaining_time":1.4285752,
{,
{"learn":[0.4245756022],"iteration":12,"passed_time":0.1994287638,"remaining_time":1.3346386,
,
{"learn":[0.4160614692],"iteration":13,"passed_time":0.2040672215,"remaining_time":1.25355578,
,
{"learn":[0.4060479736],"iteration":14,"passed_time":0.2081676332,"remaining_time":1.17961658,
,
{"learn":[0.394804145],"iteration":15,"passed_time":0.2120235216,"remaining_time":1.11312348,
,
{"learn":[0.3864201864],"iteration":16,"passed_time":0.2153114807,"remaining_time":1.05122664,
,
{"learn":[0.3771341281],"iteration":17,"passed_time":0.2189335499,"remaining_time":0.99736394,
{,
{"learn":[0.3676554362],"iteration":18,"passed_time":0.2224213439,"remaining_time":0.94821730,
{,
{"learn":[0.3606729465],"iteration":19,"passed_time":0.2263879025,"remaining_time":0.9055,
{"lea,
{"learn":[0.353851454],"iteration":20,"passed_time":0.2303832002,"remaining_time":0.86667,
{"le,
{"learn":[0.3465389676],"iteration":21,"passed_time":0.2336074488,"remaining_time":0.8282,
{"lea,
{"learn":[0.3399992201],"iteration":22,"passed_time":0.2371589411,"remaining_time":0.7939,
{"lea,
{"learn":[0.3319141303],"iteration":23,"passed_time":0.240797402,"remaining_time":0.76252,
{"le,
{"learn":[0.3263529799],"iteration":24,"passed_time":0.2445808569,"remaining_time":0.7337,
{"lea,
{"learn":[0.3204167684],"iteration":25,"passed_time":0.2478201904,"remaining_time":0.7053,
{"lea,
{"learn":[0.3143767632],"iteration":26,"passed_time":0.2511271256,"remaining_time":0.6789,
{"lea,
{"learn":[0.3111307102],"iteration":27,"passed_time":0.254110489,"remaining_time":0.65342,
{"le,
{"learn":[0.3068022325],"iteration":28,"passed_time":0.2575093848,"remaining_time":0.63045,
{"le,
{"learn":[0.3022922431],"iteration":29,"passed_time":0.2604276337,"remaining_time":0.60766,
{"le,
{"learn":[0.2985635715],"iteration":30,"passed_time":0.263322506,"remaining_time":0.58610,
{"learn":[0.2945276896],"iteration":31,"passed_time":0.2649941472,"remaining_time":0.5631125627},
{"learn":[0.2900120036],"iteration":32,"passed_time":0.2687448285,"remaining_time":0.5456334397},
{"learn":[0.2857483588],"iteration":33,"passed_time":0.2721408248,"remaining_time":0.5282733658},
{"learn":[0.2825341627],"iteration":34,"passed_time":0.2751439731,"remaining_time":0.5109816643}
]}},
{"learn":[0.2787784492],"iteration":35,"passed_time":0.2785671601,"remaining_time":0.4952305068},
{"learn":[0.2750992499],"iteration":36,"passed_time":0.2812077814,"remaining_time":0.4788132494},
{"learn":[0.2713557604],"iteration":37,"passed_time":0.2835214919,"remaining_time":0.4625876973},
{"learn":[0.2671157159],"iteration":38,"passed_time":0.2866153522,"remaining_time":0.4482958074},
{"learn":[0.264315389],"iteration":39,"passed_time":0.2890478314,"remaining_time":0.433571747},
{"learn":[0.2612003581],"iteration":40,"passed_time":0.2913162258,"remaining_time":0.4192111542},
{"learn":[0.2564941237],"iteration":41,"passed_time":0.293603071,"remaining_time":0.40545186},
{"learn":[0.2520777554],"iteration":42,"passed_time":0.2960536415,"remaining_time":0.3924431992},
{"learn":[0.2492023892],"iteration":43,"passed_time":0.2983518177,"remaining_time":0.3797204953},
{"learn":[0.2465998332],"iteration":44,"passed_time":0.3005565026,"remaining_time":0.3673468365},
{"learn":[0.2436698914],"iteration":45,"passed_time":0.3026778357,"remaining_time":0.3553174593},
{"learn":[0.2409413147],"iteration":46,"passed_time":0.30487501,"remaining_time":0.343795224},
{"learn":[0.2388478427],"iteration":47,"passed_time":0.3069968684,"remaining_time":0.3325799408},
{"learn":[0.2362272644],"iteration":48,"passed_time":0.3091736143,"remaining_time":0.3217929455},
{"learn":[0.2331324768],"iteration":49,"passed_time":0.3113810963,"remaining_time":0.3113810963},
{"learn":[0.231128201],"iteration":50,"passed_time":0.3137858931,"remaining_time":0.301480564},
{"learn":[0.2280612352],"iteration":51,"passed_time":0.3161260656,"remaining_time":0.2918086759},
{"learn":[0.2253864712],"iteration":52,"passed_time":0.3182240417,"remaining_time":0.2821986785},
{"learn":[0.2233777703],"iteration":53,"passed_time":0.3204239797,"remaining_time":0.2729537605},
{"learn":[0.2200585259],"iteration":54,"passed_time":0.3225817143,"remaining_time":0.2639304936},
{"learn":[0.2174014621],"iteration":55,"passed_time":0.3247497259,"remaining_time":0.2551604989},
{"learn":[0.2150580512],"iteration":56,"passed_time":0.3268417357,"remaining_time":0.2465648181},
{"learn":[0.2126793077],"iteration":57,"passed_time":0.3293067807,"remaining_time":0.2384635308},
{"learn":[0.2107959663],"iteration":58,"passed_time":0.3311821244,"remaining_time":0.2301435102},
{"learn":[0.20891922],"iteration":59,"passed_time":0.3332119345,"remaining_time":0.2221412897},
{"learn":[0.2068495348],"iteration":60,"passed_time":0.3353909245,"remaining_time":0.2144302632},
{"learn":[0.2052531603],"iteration":61,"passed_time":0.3376031529,"remaining_time":0.2069180615},
{"learn":[0.2032296244],"iteration":62,"passed_time":0.3400372579,"remaining_time":0.1997044213},
{"learn":[0.2005456882],"iteration":63,"passed_time":0.3422642378,"remaining_time":0.1925236338},
{"learn":[0.1988294305],"iteration":64,"passed_time":0.3447810741,"remaining_time":0.1856513476},
{"learn":[0.1970133803],"iteration":65,"passed_time":0.3470926569,"remaining_time":0.1788053081},
{"learn":[0.1949562073],"iteration":66,"passed_time":0.3490385948,"remaining_time":0.1719145318},
{"learn":[0.1934855821],"iteration":67,"passed_time":0.3507235499,"remaining_time":0.1650463764},
{"learn":[0.1923199802],"iteration":68,"passed_time":0.3522784736,"remaining_time":0.1582700389},
{"learn":[0.1901452806],"iteration":69,"passed_time":0.3537440333,"remaining_time":0.1516045857},
{"learn":[0.1889801364],"iteration":70,"passed_time":0.3553240106,"remaining_time":0.1451323424},
{"learn":[0.1877655029],"iteration":71,"passed_time":0.3569189083,"remaining_time":0.1388017977},
{"learn":[0.1867512682],"iteration":72,"passed_time":0.3583713527,"remaining_time":0.1325483085},
{"learn":[0.1852315267],"iteration":73,"passed_time":0.3598876647,"remaining_time":0.1264470173},
{"learn":[0.183672977],"iteration":74,"passed_time":0.3613621798,"remaining_time":0.1204540599},
{"learn":[0.1818822903],"iteration":75,"passed_time":0.3629872292,"remaining_time":0.1146275461},
{"learn":[0.1804963175],"iteration":76,"passed_time":0.3645238293,"remaining_time":0.1088837412},
{"learn":[0.1793582831],"iteration":77,"passed_time":0.3660762954,"remaining_time":0.1032522884},
{"learn":[0.1778810967],"iteration":78,"passed_time":0.3675599134,"remaining_time":0.09770579976},
{"learn":[0.1760638428],"iteration":79,"passed_time":0.3691337963,